<?xml version="1.0" encoding="UTF-8"?>
<suite name="GurukulaPackTestSuite" parallel="methods" thread-count="1">
						 
<test name="ValidateGurukulaPackRule">
   <classes>
   	<parameter name="browser" value="CH"/>
	<parameter name="ENV" value="MainURL"/>
          <class name="com.wow.rpc.TestCases.ServiceNowGurukulaPack"/> 
 
          <methods>
          
<include name="Gurukula_TC01_ValidateE2EGurukulaApplication"></include> 
   
 			</methods>
    </classes>
   
    
  </test>

</suite> 
  

